[
  {
      "key": "Alabama",
      "value": "1"
  },
  {
      "key": "California",
      "value": "2"
  },
  {
      "key": "Delaware",
      "value": "3"
  },
  {
      "key": "Federated States Of Micronesia",
      "value": "4"
  },
  {
      "key": "Guam",
      "value": "5"
  },
  {
      "key": "Hawaii",
      "value": "6"
  },
  {
      "key": "Illinois",
      "value": "7"
  },
  {
      "key": "Kentucky",
      "value": "8"
  },
  {
      "key": "Louisiana",
      "value": "9"
  },
  {
      "key": "Marshall Islands",
      "value": "10"
  },
  {
      "key": "Nevada",
      "value": "11"
  },
  {
      "key": "Pennsylvania",
      "value": "12"
  },
  {
      "key": "Texas",
      "value": "12"
  }
]